area,reddito,disuguaglianza,qualita_aria,medici,emigrazione_ospedaliera,tasso_occupazione_m,tasso_occupazione_f
Sud,16143.1,4.4,81.8,4.4,14.5,74.2,50.1
Sud,14453.8,4.6,40,3.4,24.9,70,43.3
Sud,13374.1,6.5,40,4,18.7,58.3,32.9
Sud,13829.7,7.2,89.3,3.9,8.7,58.8,31.7
Centro,22139.5,4.2,89.4,4.4,4.8,81,66.1
Nord-Est,20958.7,4.5,85.7,4,6.3,80,64.5
Centro,19906.8,5.9,68,4.8,7.1,73.2,55.8
Nord-Ovest,21421.1,5,67.9,4.7,11.9,76.1,60
Nord-Ovest,22456.1,4.8,97,3.8,4.5,79,64
Centro,18935.1,3.8,66.7,3.9,11.7,77.7,60.1
Sud,14827.7,8.6,33.3,4.2,27.3,69.3,42.4
Nord-Ovest,20898.8,5,94.3,3.7,5.7,77.3,62.4
Nord-Est,25149.7,4.7,100,3.4,4.4,83.1,68.5
Nord-Est,21147.7,4,83.3,3.3,13,78.7,66.4
Sud,14620.2,5.4,83,3.9,7.8,64.8,36.5
Isole,15583.4,6.9,30.3,4.9,5.4,64.6,49.5
Isole,14104.8,7.3,50,4.5,5.9,57.8,31.6
Centro,20117.4,4.8,76.5,4.5,5.5,77.8,63.3
Nord-Est,23130.1,4.3,91.7,3.4,8.4,80.9,67.4
Sud,18495.6,4.1,76.2,4.6,11.3,76.9,61.8
Nord-Ovest,21168.4,3.3,100,3.7,13.6,75.4,67.7
Nord-Est,20211.5,4,100,3.6,5.3,79.4,62.1
