regione,area,reddito,disuguaglianza,qualita_aria,medici,emigrazione_ospedaliera
Abruzzo,Sud,16143.1,4.4,81.8,4.4,14.5
Basilicata,Sud,14453.8,4.6,40,3.4,24.9
Calabria,Sud,13374.1,6.5,40,4,18.7
Campania,Sud,13829.7,7.2,89.3,3.9,8.7
Emilia-Romagna,Centro,22139.5,4.2,89.4,4.4,4.8
Friuli-Venezia Giulia,Nord-Est,20958.7,4.5,85.7,4,6.3
Lazio,Centro,19906.8,5.9,68,4.8,7.1
Liguria,Nord-Ovest,21421.1,5,67.9,4.7,11.9
Lombardia,Nord-Ovest,22456.1,4.8,97,3.8,4.5
Marche,Centro,18935.1,3.8,66.7,3.9,11.7
Molise,Sud,14827.7,8.6,33.3,4.2,27.3
Piemonte,Nord-Ovest,20898.8,5,94.3,3.7,5.7
Provincia Autonoma di Bolzano/Bozen,Nord-Est,25149.7,4.7,100,3.4,4.4
Provincia Autonoma di Trento,Nord-Est,21147.7,4,83.3,3.3,13
Puglia,Sud,14620.2,5.4,83,3.9,7.8
Sardegna,Isole,15583.4,6.9,30.3,4.9,5.4
Sicilia,Isole,14104.8,7.3,50,4.5,5.9
Toscana,Centro,20117.4,4.8,76.5,4.5,5.5
Trentino-Alto Adige/Sudtirol,Nord-Est,23130.1,4.3,91.7,3.4,8.4
Umbria,Sud,18495.6,4.1,76.2,4.6,11.3
Valle d'Aosta/Vallee d'Aoste,Nord-Ovest,21168.4,3.3,100,3.7,13.6
Veneto,Nord-Est,20211.5,4,100,3.6,5.3
